count,after,before,link
4753,809,799,https://api.pushshift.io/reddit/search/comment/?&subreddit=asknyc&aggs=subreddit&fields=aggs&metadata=true&after=809d&before=799d
5495,799,789,https://api.pushshift.io/reddit/search/comment/?&subreddit=asknyc&aggs=subreddit&fields=aggs&metadata=true&after=799d&before=789d
4440,789,779,https://api.pushshift.io/reddit/search/comment/?&subreddit=asknyc&aggs=subreddit&fields=aggs&metadata=true&after=789d&before=779d
4969,779,769,https://api.pushshift.io/reddit/search/comment/?&subreddit=asknyc&aggs=subreddit&fields=aggs&metadata=true&after=779d&before=769d
4783,769,759,https://api.pushshift.io/reddit/search/comment/?&subreddit=asknyc&aggs=subreddit&fields=aggs&metadata=true&after=769d&before=759d
4814,759,749,https://api.pushshift.io/reddit/search/comment/?&subreddit=asknyc&aggs=subreddit&fields=aggs&metadata=true&after=759d&before=749d
4404,749,739,https://api.pushshift.io/reddit/search/comment/?&subreddit=asknyc&aggs=subreddit&fields=aggs&metadata=true&after=749d&before=739d
5244,739,729,https://api.pushshift.io/reddit/search/comment/?&subreddit=asknyc&aggs=subreddit&fields=aggs&metadata=true&after=739d&before=729d
4804,729,719,https://api.pushshift.io/reddit/search/comment/?&subreddit=asknyc&aggs=subreddit&fields=aggs&metadata=true&after=729d&before=719d
4462,719,709,https://api.pushshift.io/reddit/search/comment/?&subreddit=asknyc&aggs=subreddit&fields=aggs&metadata=true&after=719d&before=709d
4624,709,699,https://api.pushshift.io/reddit/search/comment/?&subreddit=asknyc&aggs=subreddit&fields=aggs&metadata=true&after=709d&before=699d
4353,699,689,https://api.pushshift.io/reddit/search/comment/?&subreddit=asknyc&aggs=subreddit&fields=aggs&metadata=true&after=699d&before=689d
4457,689,679,https://api.pushshift.io/reddit/search/comment/?&subreddit=asknyc&aggs=subreddit&fields=aggs&metadata=true&after=689d&before=679d
4933,679,669,https://api.pushshift.io/reddit/search/comment/?&subreddit=asknyc&aggs=subreddit&fields=aggs&metadata=true&after=679d&before=669d
4278,669,659,https://api.pushshift.io/reddit/search/comment/?&subreddit=asknyc&aggs=subreddit&fields=aggs&metadata=true&after=669d&before=659d
5110,659,649,https://api.pushshift.io/reddit/search/comment/?&subreddit=asknyc&aggs=subreddit&fields=aggs&metadata=true&after=659d&before=649d
4131,649,639,https://api.pushshift.io/reddit/search/comment/?&subreddit=asknyc&aggs=subreddit&fields=aggs&metadata=true&after=649d&before=639d
4778,639,629,https://api.pushshift.io/reddit/search/comment/?&subreddit=asknyc&aggs=subreddit&fields=aggs&metadata=true&after=639d&before=629d
4857,629,619,https://api.pushshift.io/reddit/search/comment/?&subreddit=asknyc&aggs=subreddit&fields=aggs&metadata=true&after=629d&before=619d
5008,619,609,https://api.pushshift.io/reddit/search/comment/?&subreddit=asknyc&aggs=subreddit&fields=aggs&metadata=true&after=619d&before=609d
4534,609,599,https://api.pushshift.io/reddit/search/comment/?&subreddit=asknyc&aggs=subreddit&fields=aggs&metadata=true&after=609d&before=599d
4848,599,589,https://api.pushshift.io/reddit/search/comment/?&subreddit=asknyc&aggs=subreddit&fields=aggs&metadata=true&after=599d&before=589d
5506,589,579,https://api.pushshift.io/reddit/search/comment/?&subreddit=asknyc&aggs=subreddit&fields=aggs&metadata=true&after=589d&before=579d
5463,579,569,https://api.pushshift.io/reddit/search/comment/?&subreddit=asknyc&aggs=subreddit&fields=aggs&metadata=true&after=579d&before=569d
5767,569,559,https://api.pushshift.io/reddit/search/comment/?&subreddit=asknyc&aggs=subreddit&fields=aggs&metadata=true&after=569d&before=559d
5091,559,549,https://api.pushshift.io/reddit/search/comment/?&subreddit=asknyc&aggs=subreddit&fields=aggs&metadata=true&after=559d&before=549d
5220,549,539,https://api.pushshift.io/reddit/search/comment/?&subreddit=asknyc&aggs=subreddit&fields=aggs&metadata=true&after=549d&before=539d
5236,539,529,https://api.pushshift.io/reddit/search/comment/?&subreddit=asknyc&aggs=subreddit&fields=aggs&metadata=true&after=539d&before=529d
5081,529,519,https://api.pushshift.io/reddit/search/comment/?&subreddit=asknyc&aggs=subreddit&fields=aggs&metadata=true&after=529d&before=519d
5661,519,509,https://api.pushshift.io/reddit/search/comment/?&subreddit=asknyc&aggs=subreddit&fields=aggs&metadata=true&after=519d&before=509d
5250,509,499,https://api.pushshift.io/reddit/search/comment/?&subreddit=asknyc&aggs=subreddit&fields=aggs&metadata=true&after=509d&before=499d
5563,499,489,https://api.pushshift.io/reddit/search/comment/?&subreddit=asknyc&aggs=subreddit&fields=aggs&metadata=true&after=499d&before=489d
5094,489,479,https://api.pushshift.io/reddit/search/comment/?&subreddit=asknyc&aggs=subreddit&fields=aggs&metadata=true&after=489d&before=479d
5128,479,469,https://api.pushshift.io/reddit/search/comment/?&subreddit=asknyc&aggs=subreddit&fields=aggs&metadata=true&after=479d&before=469d
6212,469,459,https://api.pushshift.io/reddit/search/comment/?&subreddit=asknyc&aggs=subreddit&fields=aggs&metadata=true&after=469d&before=459d
6247,459,449,https://api.pushshift.io/reddit/search/comment/?&subreddit=asknyc&aggs=subreddit&fields=aggs&metadata=true&after=459d&before=449d
5070,449,439,https://api.pushshift.io/reddit/search/comment/?&subreddit=asknyc&aggs=subreddit&fields=aggs&metadata=true&after=449d&before=439d
4896,439,429,https://api.pushshift.io/reddit/search/comment/?&subreddit=asknyc&aggs=subreddit&fields=aggs&metadata=true&after=439d&before=429d
5401,429,419,https://api.pushshift.io/reddit/search/comment/?&subreddit=asknyc&aggs=subreddit&fields=aggs&metadata=true&after=429d&before=419d
