,count,after,before,link
0,0,410,400,https://api.pushshift.io/reddit/search/comment/?&q=periot&subreddit=talesfromtechsupport&aggs=subreddit&fields=aggs&metadata=true&after=414d&before=404d
1,0,400,390,https://api.pushshift.io/reddit/search/comment/?&q=periot&subreddit=talesfromtechsupport&aggs=subreddit&fields=aggs&metadata=true&after=404d&before=394d
2,0,390,380,https://api.pushshift.io/reddit/search/comment/?&q=periot&subreddit=talesfromtechsupport&aggs=subreddit&fields=aggs&metadata=true&after=394d&before=384d
3,0,380,370,https://api.pushshift.io/reddit/search/comment/?&q=periot&subreddit=talesfromtechsupport&aggs=subreddit&fields=aggs&metadata=true&after=384d&before=374d
4,0,370,360,https://api.pushshift.io/reddit/search/comment/?&q=periot&subreddit=talesfromtechsupport&aggs=subreddit&fields=aggs&metadata=true&after=374d&before=364d
5,0,360,350,https://api.pushshift.io/reddit/search/comment/?&q=periot&subreddit=talesfromtechsupport&aggs=subreddit&fields=aggs&metadata=true&after=364d&before=354d
6,0,350,340,https://api.pushshift.io/reddit/search/comment/?&q=periot&subreddit=talesfromtechsupport&aggs=subreddit&fields=aggs&metadata=true&after=354d&before=344d
7,0,340,330,https://api.pushshift.io/reddit/search/comment/?&q=periot&subreddit=talesfromtechsupport&aggs=subreddit&fields=aggs&metadata=true&after=344d&before=334d
8,0,330,320,https://api.pushshift.io/reddit/search/comment/?&q=periot&subreddit=talesfromtechsupport&aggs=subreddit&fields=aggs&metadata=true&after=334d&before=324d
9,0,320,310,https://api.pushshift.io/reddit/search/comment/?&q=periot&subreddit=talesfromtechsupport&aggs=subreddit&fields=aggs&metadata=true&after=324d&before=314d
10,0,310,300,https://api.pushshift.io/reddit/search/comment/?&q=periot&subreddit=talesfromtechsupport&aggs=subreddit&fields=aggs&metadata=true&after=314d&before=304d
11,0,300,290,https://api.pushshift.io/reddit/search/comment/?&q=periot&subreddit=talesfromtechsupport&aggs=subreddit&fields=aggs&metadata=true&after=304d&before=294d
12,0,290,280,https://api.pushshift.io/reddit/search/comment/?&q=periot&subreddit=talesfromtechsupport&aggs=subreddit&fields=aggs&metadata=true&after=294d&before=284d
13,0,280,270,https://api.pushshift.io/reddit/search/comment/?&q=periot&subreddit=talesfromtechsupport&aggs=subreddit&fields=aggs&metadata=true&after=284d&before=274d
14,0,270,260,https://api.pushshift.io/reddit/search/comment/?&q=periot&subreddit=talesfromtechsupport&aggs=subreddit&fields=aggs&metadata=true&after=274d&before=264d
15,0,260,250,https://api.pushshift.io/reddit/search/comment/?&q=periot&subreddit=talesfromtechsupport&aggs=subreddit&fields=aggs&metadata=true&after=264d&before=254d
16,0,250,240,https://api.pushshift.io/reddit/search/comment/?&q=periot&subreddit=talesfromtechsupport&aggs=subreddit&fields=aggs&metadata=true&after=254d&before=244d
17,0,240,230,https://api.pushshift.io/reddit/search/comment/?&q=periot&subreddit=talesfromtechsupport&aggs=subreddit&fields=aggs&metadata=true&after=244d&before=234d
18,0,230,220,https://api.pushshift.io/reddit/search/comment/?&q=periot&subreddit=talesfromtechsupport&aggs=subreddit&fields=aggs&metadata=true&after=234d&before=224d
19,0,220,210,https://api.pushshift.io/reddit/search/comment/?&q=periot&subreddit=talesfromtechsupport&aggs=subreddit&fields=aggs&metadata=true&after=224d&before=214d
20,0,210,200,https://api.pushshift.io/reddit/search/comment/?&q=periot&subreddit=talesfromtechsupport&aggs=subreddit&fields=aggs&metadata=true&after=214d&before=204d
21,0,200,190,https://api.pushshift.io/reddit/search/comment/?&q=periot&subreddit=talesfromtechsupport&aggs=subreddit&fields=aggs&metadata=true&after=204d&before=194d
22,0,190,180,https://api.pushshift.io/reddit/search/comment/?&q=periot&subreddit=talesfromtechsupport&aggs=subreddit&fields=aggs&metadata=true&after=194d&before=184d
23,0,180,170,https://api.pushshift.io/reddit/search/comment/?&q=periot&subreddit=talesfromtechsupport&aggs=subreddit&fields=aggs&metadata=true&after=184d&before=174d
24,0,170,160,https://api.pushshift.io/reddit/search/comment/?&q=periot&subreddit=talesfromtechsupport&aggs=subreddit&fields=aggs&metadata=true&after=174d&before=164d
25,0,160,150,https://api.pushshift.io/reddit/search/comment/?&q=periot&subreddit=talesfromtechsupport&aggs=subreddit&fields=aggs&metadata=true&after=164d&before=154d
26,0,150,140,https://api.pushshift.io/reddit/search/comment/?&q=periot&subreddit=talesfromtechsupport&aggs=subreddit&fields=aggs&metadata=true&after=154d&before=144d
27,0,140,130,https://api.pushshift.io/reddit/search/comment/?&q=periot&subreddit=talesfromtechsupport&aggs=subreddit&fields=aggs&metadata=true&after=144d&before=134d
28,0,130,120,https://api.pushshift.io/reddit/search/comment/?&q=periot&subreddit=talesfromtechsupport&aggs=subreddit&fields=aggs&metadata=true&after=134d&before=124d
29,0,120,110,https://api.pushshift.io/reddit/search/comment/?&q=periot&subreddit=talesfromtechsupport&aggs=subreddit&fields=aggs&metadata=true&after=124d&before=114d
30,0,110,100,https://api.pushshift.io/reddit/search/comment/?&q=periot&subreddit=talesfromtechsupport&aggs=subreddit&fields=aggs&metadata=true&after=114d&before=104d
31,0,100,90,https://api.pushshift.io/reddit/search/comment/?&q=periot&subreddit=talesfromtechsupport&aggs=subreddit&fields=aggs&metadata=true&after=104d&before=94d
32,0,90,80,https://api.pushshift.io/reddit/search/comment/?&q=periot&subreddit=talesfromtechsupport&aggs=subreddit&fields=aggs&metadata=true&after=94d&before=84d
33,0,80,70,https://api.pushshift.io/reddit/search/comment/?&q=periot&subreddit=talesfromtechsupport&aggs=subreddit&fields=aggs&metadata=true&after=84d&before=74d
34,0,70,60,https://api.pushshift.io/reddit/search/comment/?&q=periot&subreddit=talesfromtechsupport&aggs=subreddit&fields=aggs&metadata=true&after=74d&before=64d
35,0,60,50,https://api.pushshift.io/reddit/search/comment/?&q=periot&subreddit=talesfromtechsupport&aggs=subreddit&fields=aggs&metadata=true&after=64d&before=54d
36,0,50,40,https://api.pushshift.io/reddit/search/comment/?&q=periot&subreddit=talesfromtechsupport&aggs=subreddit&fields=aggs&metadata=true&after=54d&before=44d
37,0,40,30,https://api.pushshift.io/reddit/search/comment/?&q=periot&subreddit=talesfromtechsupport&aggs=subreddit&fields=aggs&metadata=true&after=44d&before=34d
38,0,30,20,https://api.pushshift.io/reddit/search/comment/?&q=periot&subreddit=talesfromtechsupport&aggs=subreddit&fields=aggs&metadata=true&after=34d&before=24d
39,0,20,10,https://api.pushshift.io/reddit/search/comment/?&q=periot&subreddit=talesfromtechsupport&aggs=subreddit&fields=aggs&metadata=true&after=24d&before=14d
40,0,10,0,https://api.pushshift.io/reddit/search/comment/?&q=periot&subreddit=talesfromtechsupport&aggs=subreddit&fields=aggs&metadata=true&after=14d&before=4d
