mid,count,after,before,link,avg
405.0,1,410,400,https://api.pushshift.io/reddit/search/comment/?&q=defo&subreddit=roastme&aggs=subreddit&fields=aggs&metadata=true&after=410d&before=400d,
395.0,0,400,390,https://api.pushshift.io/reddit/search/comment/?&q=defo&subreddit=roastme&aggs=subreddit&fields=aggs&metadata=true&after=400d&before=390d,
385.0,1,390,380,https://api.pushshift.io/reddit/search/comment/?&q=defo&subreddit=roastme&aggs=subreddit&fields=aggs&metadata=true&after=390d&before=380d,0.8
375.0,2,380,370,https://api.pushshift.io/reddit/search/comment/?&q=defo&subreddit=roastme&aggs=subreddit&fields=aggs&metadata=true&after=380d&before=370d,0.8
365.0,0,370,360,https://api.pushshift.io/reddit/search/comment/?&q=defo&subreddit=roastme&aggs=subreddit&fields=aggs&metadata=true&after=370d&before=360d,0.8
355.0,1,360,350,https://api.pushshift.io/reddit/search/comment/?&q=defo&subreddit=roastme&aggs=subreddit&fields=aggs&metadata=true&after=360d&before=350d,0.6
345.0,0,350,340,https://api.pushshift.io/reddit/search/comment/?&q=defo&subreddit=roastme&aggs=subreddit&fields=aggs&metadata=true&after=350d&before=340d,0.2
335.0,0,340,330,https://api.pushshift.io/reddit/search/comment/?&q=defo&subreddit=roastme&aggs=subreddit&fields=aggs&metadata=true&after=340d&before=330d,0.4
325.0,0,330,320,https://api.pushshift.io/reddit/search/comment/?&q=defo&subreddit=roastme&aggs=subreddit&fields=aggs&metadata=true&after=330d&before=320d,0.4
315.0,1,320,310,https://api.pushshift.io/reddit/search/comment/?&q=defo&subreddit=roastme&aggs=subreddit&fields=aggs&metadata=true&after=320d&before=310d,0.8
305.0,1,310,300,https://api.pushshift.io/reddit/search/comment/?&q=defo&subreddit=roastme&aggs=subreddit&fields=aggs&metadata=true&after=310d&before=300d,0.8
295.0,2,300,290,https://api.pushshift.io/reddit/search/comment/?&q=defo&subreddit=roastme&aggs=subreddit&fields=aggs&metadata=true&after=300d&before=290d,0.8
285.0,0,290,280,https://api.pushshift.io/reddit/search/comment/?&q=defo&subreddit=roastme&aggs=subreddit&fields=aggs&metadata=true&after=290d&before=280d,0.6
275.0,0,280,270,https://api.pushshift.io/reddit/search/comment/?&q=defo&subreddit=roastme&aggs=subreddit&fields=aggs&metadata=true&after=280d&before=270d,1.0
265.0,0,270,260,https://api.pushshift.io/reddit/search/comment/?&q=defo&subreddit=roastme&aggs=subreddit&fields=aggs&metadata=true&after=270d&before=260d,0.6
255.0,3,260,250,https://api.pushshift.io/reddit/search/comment/?&q=defo&subreddit=roastme&aggs=subreddit&fields=aggs&metadata=true&after=260d&before=250d,1.0
245.0,0,250,240,https://api.pushshift.io/reddit/search/comment/?&q=defo&subreddit=roastme&aggs=subreddit&fields=aggs&metadata=true&after=250d&before=240d,1.4
235.0,2,240,230,https://api.pushshift.io/reddit/search/comment/?&q=defo&subreddit=roastme&aggs=subreddit&fields=aggs&metadata=true&after=240d&before=230d,1.6
225.0,2,230,220,https://api.pushshift.io/reddit/search/comment/?&q=defo&subreddit=roastme&aggs=subreddit&fields=aggs&metadata=true&after=230d&before=220d,2.0
215.0,1,220,210,https://api.pushshift.io/reddit/search/comment/?&q=defo&subreddit=roastme&aggs=subreddit&fields=aggs&metadata=true&after=220d&before=210d,2.2
205.0,5,210,200,https://api.pushshift.io/reddit/search/comment/?&q=defo&subreddit=roastme&aggs=subreddit&fields=aggs&metadata=true&after=210d&before=200d,2.0
195.0,1,200,190,https://api.pushshift.io/reddit/search/comment/?&q=defo&subreddit=roastme&aggs=subreddit&fields=aggs&metadata=true&after=200d&before=190d,1.8
185.0,1,190,180,https://api.pushshift.io/reddit/search/comment/?&q=defo&subreddit=roastme&aggs=subreddit&fields=aggs&metadata=true&after=190d&before=180d,2.6
175.0,1,180,170,https://api.pushshift.io/reddit/search/comment/?&q=defo&subreddit=roastme&aggs=subreddit&fields=aggs&metadata=true&after=180d&before=170d,2.0
165.0,5,170,160,https://api.pushshift.io/reddit/search/comment/?&q=defo&subreddit=roastme&aggs=subreddit&fields=aggs&metadata=true&after=170d&before=160d,2.2
155.0,2,160,150,https://api.pushshift.io/reddit/search/comment/?&q=defo&subreddit=roastme&aggs=subreddit&fields=aggs&metadata=true&after=160d&before=150d,2.6
145.0,2,150,140,https://api.pushshift.io/reddit/search/comment/?&q=defo&subreddit=roastme&aggs=subreddit&fields=aggs&metadata=true&after=150d&before=140d,2.8
135.0,3,140,130,https://api.pushshift.io/reddit/search/comment/?&q=defo&subreddit=roastme&aggs=subreddit&fields=aggs&metadata=true&after=140d&before=130d,2.6
125.0,2,130,120,https://api.pushshift.io/reddit/search/comment/?&q=defo&subreddit=roastme&aggs=subreddit&fields=aggs&metadata=true&after=130d&before=120d,3.2
115.0,4,120,110,https://api.pushshift.io/reddit/search/comment/?&q=defo&subreddit=roastme&aggs=subreddit&fields=aggs&metadata=true&after=120d&before=110d,3.4
105.0,5,110,100,https://api.pushshift.io/reddit/search/comment/?&q=defo&subreddit=roastme&aggs=subreddit&fields=aggs&metadata=true&after=110d&before=100d,3.0
95.0,3,100,90,https://api.pushshift.io/reddit/search/comment/?&q=defo&subreddit=roastme&aggs=subreddit&fields=aggs&metadata=true&after=100d&before=90d,4.4
85.0,1,90,80,https://api.pushshift.io/reddit/search/comment/?&q=defo&subreddit=roastme&aggs=subreddit&fields=aggs&metadata=true&after=90d&before=80d,4.4
75.0,9,80,70,https://api.pushshift.io/reddit/search/comment/?&q=defo&subreddit=roastme&aggs=subreddit&fields=aggs&metadata=true&after=80d&before=70d,4.0
65.0,4,70,60,https://api.pushshift.io/reddit/search/comment/?&q=defo&subreddit=roastme&aggs=subreddit&fields=aggs&metadata=true&after=70d&before=60d,3.6
55.0,3,60,50,https://api.pushshift.io/reddit/search/comment/?&q=defo&subreddit=roastme&aggs=subreddit&fields=aggs&metadata=true&after=60d&before=50d,3.6
45.0,1,50,40,https://api.pushshift.io/reddit/search/comment/?&q=defo&subreddit=roastme&aggs=subreddit&fields=aggs&metadata=true&after=50d&before=40d,2.0
35.0,1,40,30,https://api.pushshift.io/reddit/search/comment/?&q=defo&subreddit=roastme&aggs=subreddit&fields=aggs&metadata=true&after=40d&before=30d,2.0
25.0,1,30,20,https://api.pushshift.io/reddit/search/comment/?&q=defo&subreddit=roastme&aggs=subreddit&fields=aggs&metadata=true&after=30d&before=20d,1.8
15.0,4,20,10,https://api.pushshift.io/reddit/search/comment/?&q=defo&subreddit=roastme&aggs=subreddit&fields=aggs&metadata=true&after=20d&before=10d,
5.0,2,10,0,https://api.pushshift.io/reddit/search/comment/?&q=defo&subreddit=roastme&aggs=subreddit&fields=aggs&metadata=true&after=10d&before=0d,
